{"cameraMode":{"drawMode":0,"name":"Shaded","section":"Shading Mode"},"sceneLighting":true,"audioPlay":false,"sceneViewState":{"showFog":true,"showMaterialUpdate":false,"showSkybox":false,"showFlares":true,"showImageEffects":true,"showParticleSystems":true},"in2DMode":false,"pivot":{"x":-20.169342041015626,"y":30.838459014892579,"z":87.97808837890625},"rotation":{"x":0.14219717681407929,"y":-0.13319729268550874,"z":0.019314086064696313,"w":0.9806454181671143},"size":285.1243591308594,"orthographic":false}